dch_wc,ch_rsst,dch_rec,dch_inv,soft_assets,ch_cs,ch_cm,ch_roa,issue,bm,dpi,reoa,ebit,ch_fcf,misstate
0.050414153,0.589630842,0.142499233,0.050874323,0.472619048,3.438497864,-0.117947094,0.065503533,1.0,0.069048567,2.002436816,0.257380952,0.307482993,-0.36951631,1
0.181049632,0.561719307,0.147613394,0.006672999,0.82978355,0.729153238,-0.121237911,-0.135321989,1.0,0.428155094,0.848341042,0.04017316,0.02791342,-0.61484208,1
0.006090765,0.047559806,0.07259674,0.003861804,0.632233817,-0.014810554,-0.462208193,0.045816243,1.0,0.818494033,1.435132322,0.046338446,0.083852744,0.001995698,1
-0.537156304,0.35100322,-0.013500124,-0.002105524,0.69001004,6.567314073399985,-0.773576813,-0.453639587,1.0,0.632746798,3.8279074348999846,-0.483099063,-0.411730254,-0.789076047,1
0.140624188,0.116521003,0.021786428,0.131535371,0.755553726,0.0227911,0.877132016,-0.044666905,1.0,0.600822695,0.93924273,0.01507979,0.037404465,-0.141129122,1
0.140057089,-0.04338725,-0.047193149,0.022835395,0.688721805,-0.117069486,0.528609938,0.085981709,1.0,0.028119018,1.168713757,-0.892481203,0.056015038,0.138154139,1
0.181379427,0.07441495,0.069723329,0.126539088,0.75098201,0.274444754,-0.069068516,-0.011073526,1.0,0.877936551,1.043454495,0.283957891,0.111242046,-0.066154105,1
0.028052099,0.03433093,0.202029505,0.121341145,0.821082234,0.197736288,-0.989054148,-0.01386289,1.0,0.763175114,0.73215157,0.11335027,0.065716108,-0.033836952,1
0.025804835,0.583191663,-0.00214742,0.02578694,0.901547777,0.332899852,0.087209051,0.012703076,1.0,0.305201615,0.927858308,0.143969928,0.11268312,-0.546166556,1
0.257492423,1.4031111188999967,0.074119804,0.268206186,0.481190329,0.084219888,-0.023506388,-0.0033585050000000003,1.0,0.149087266,1.005729325,-1.948096714,-0.525133292,-1.470941631,1
-0.030651341,0.279034962,0.294839559,0.031130268,0.555671393,1.8734582,-0.218629273,0.590571958,1.0,0.23405318,0.686585217,-0.056922435,0.09146511,-0.091654693,1
0.118355065,0.242265257,0.153228918,0.027158398,0.788786482,0.16562211,0.281184931,0.064966156,1.0,0.251046743,0.81741168,-0.541346646,-0.159114183,-0.210631896,1
0.251335395,0.376347109,0.146752882,0.0,0.939044756,-1.9616030167999998,-0.292108844,-0.185113577,1.0,0.256876071,2.134787879,-2.970774883,-0.325150301,-0.588323494,1
-0.167536517,0.254034238,0.265523109,0.011557393,0.31126682,0.084219888,-0.023506388,-0.0033585050000000003,1.0,0.292412056,1.606510121,-0.217684628,-0.212376759,-0.66763359,1
0.060202319,0.054774241,0.006908463,0.119170985,0.666592969,0.15576324,-0.044432552,-0.068839209,1.0,0.264332503,0.978089245,0.009949149,0.075171347,-0.068097705,1
0.40177516,0.61454553,0.143464466,0.165529541,0.958850425,0.084219888,-0.023506388,-0.0033585050000000003,1.0,0.514174387,1.063387796,0.190652442,0.147615937,-0.581240538,1
-0.301076866,-0.253949393,-0.128014429,-0.16552968,0.278691671,0.336962157,-0.4127243,-0.376190976,1.0,0.171580468,0.750999649,-0.205482082,-0.288231568,-0.113245982,1
-0.137479794,0.394272958,0.010930644,-0.093757217,0.439088427,-0.110955056,-10.412837491,0.188274098,1.0,0.123976389,3.8279074348999846,-0.077294686,-0.074879227,-0.322838888,1
0.027746893,0.296851923,0.049751904,0.048955343,0.462091364,0.679579851,-1.695815641,0.098527988,1.0,0.077038127,0.762038557,-1.002928336,-0.272148866,-0.328349292,1
0.141615047,0.528003613,0.085865918,0.082333204,0.444540619,0.315941707,-1.04154992,0.274192068,1.0,0.309157438,0.5709096,-0.473204877,0.014212956,-0.354690928,1
0.237066024,0.310142422,0.29612777,-0.006097284,0.425926984,1.063209076,-0.306523859,-0.022345487,1.0,0.412522625,0.329809152,0.040450209,0.045992116,-0.277289894,1
-0.007050314,-0.417799753,0.01638969,0.022432816,0.273707865,0.602931804,1.817955375,-0.117791446,1.0,0.566501767,1.70777757,-0.182696629,-0.01011236,0.258755665,1
0.032547988,-0.120430544,0.091955323,-0.000732159,0.862930415,-0.08199446,-0.409981701,-0.151399186,0.0,0.464573254,0.833408942,0.069291419,-0.108689403,-0.03008042,1
-0.054753107,0.603627813,0.003023178,0.003443064,0.596117221,-0.168885191,0.031317031,0.004105391,1.0,0.496731264,0.21436851010000002,0.034465811,0.04841187,-0.709774941,1
0.034620415,0.104516909,0.058203823,0.0,0.556678131,0.17351802,0.051706166,-0.049802937,1.0,0.380528343,1.068772854,0.457766699,0.135064525,-0.127922741,1
-0.5838447201,-0.070875607,-0.2984836963,-0.222021888,0.873108517,-0.783084731,2.016023611,-0.119956691,0.0,0.303354672,0.762802441,-3.05793342,-0.233895374,0.055488772,1
-0.002089209,-0.431839549,0.030920297,0.001671367,0.408296943,-0.033061594,-0.613032048,0.428288111,1.0,0.252722807,1.10845987,-3.832150655,-1.359716157,0.753159929,1
0.148069833,0.078833225,0.213348514,0.04039254,0.817174645,0.280704587,-0.063539226,-0.095162077,1.0,0.591164167,1.62853991,0.089145475,0.02552356,-0.133105617,1
-0.274075281,-0.0290044,-0.229753951,-0.003258921,0.832244009,0.004425504,-0.787425294,-0.110385849,1.0,0.290860429,0.814545455,-0.595860566,-0.181190995,-0.053120417,1
0.064110651,0.062285998,0.044354839,0.002162552,0.965797442,0.01916439,-0.156406734,0.005246756,1.0,0.92650525,1.094439411,-0.343942662,0.066509814,-0.054604433,1
0.006801576,0.033456051,0.008401052499999999,0.0,0.387661085,0.084219888,-0.023506388,-0.0033585050000000003,1.0,0.114056025,0.965401612,-0.144306792,-0.126377389,-0.035267145,1
0.141595107,0.366219806,-0.053746834,0.165688516,0.854992699,0.084219888,-0.023506388,-0.0033585050000000003,1.0,0.175987133,1.051756885,0.511176008,0.295069078,-0.281954655,1
0.155748534,0.429748386,0.066176798,0.085623098,0.697128879,0.043907653,-0.086906821,-0.018743332,1.0,0.337959184,1.036854787,0.18380327,0.142938071,-0.434053292,1
0.006327975,0.002835949,-0.006370303,0.014454874,0.709305799,0.165357871,0.04607271,0.092700844,0.0,0.782812693,0.980017302,0.194201476,0.026688569,0.007703622,1
0.294093659,0.656018487,0.065384354,0.268206186,0.570699083,0.084219888,-0.023506388,-0.0033585050000000003,1.0,0.169474465,1.037255825,0.017669122,0.062994261,-0.63576429,1
0.050436233,0.151439581,0.049085454,0.007927277,0.567226051,0.077909726,0.004414977,-0.022712292,1.0,0.305903942,0.92494009,0.357589867,0.108088289,-0.158222207,1
-0.028478009,0.082987027,0.02717013,-0.004261154,0.468407098,1.128006873,0.88895275,0.077820204,1.0,2.996904648,0.21436851010000002,-0.286640832,0.023047114,-0.054677777,1
0.204074531,0.361039398,0.152890336,0.105814345,0.793604177,0.980091263,0.194721533,-0.029233683,1.0,0.555065992,1.025379097,0.070611483,0.058963761,-0.3595802,1
-0.106866723,-0.25338743,-0.054198882,0.0,0.623003195,0.10079768,0.022997033,-0.45724256,1.0,0.336937962,0.805115103,-0.644249201,-0.282108626,-0.182347087,1
0.092335746,0.260231352,0.123608183,-0.056253918,0.79279975,6.567314073399985,0.494095191,-0.095955817,1.0,0.334843264,0.26371985,0.08819785,0.046874674,-0.292301556,1
0.022380142,0.081948708,-0.003018945,0.062293531,0.763910864,0.052658492,0.062332588,0.019500623,1.0,0.70040841,0.972040887,0.039865734,0.080541056,-0.073543906,1
0.006801576,0.033456051,0.008401052499999999,0.0,0.621059924,0.084219888,-0.023506388,-0.0033585050000000003,1.0,0.090375033,0.965401612,-0.062175268,-0.117769311,-0.035267145,1
0.4722610272999997,0.860152085,0.35771482319999914,0.268206186,0.628947493,-1.9616030167999998,-0.928253625,0.363711516,1.0,0.288516331,1.865026312,0.141375882,0.211306283,-0.617865571,1
-0.00617176,-0.781489384,-0.136548245,0.268206186,0.556995595,3.10117924,-1.046910125,-0.843907408,1.0,-0.011945969,0.808801025,-0.589797961,-0.529101427,-0.014333407,1
0.064833105,0.871903966,-0.23106924,0.0,0.885592215,2.596317025,-1.162146506,0.323284708,1.0,-0.123551665,0.984714874,-0.262520769,0.225314503,-0.552398318,1
-0.028688525,0.494783905,0.013412817,-0.005774963,0.082054595,-0.102603369,-0.570256661,-0.234621924,1.0,0.114260819,2.461890244,-0.225488613,-0.213051203,-0.736959762,1
0.174711094,0.193994276,0.148267542,0.044075843,0.900041209,0.059042141,-0.195663967,0.017133634,1.0,0.650200781,1.017188455,0.149732141,0.173982764,-0.166183122,1
-0.001157277,0.131816642,-0.044882451,-0.222021888,0.9661832814999999,1.962382445,-1.381298181,0.069484004,0.0,4.292512083,1.597972412,-0.236208349,-0.024344188,-0.174297166,1
0.137622805,0.288375413,0.134208479,0.077742188,0.830300888,0.37668631,-0.01935098,-0.006610057,1.0,0.669576096,0.806199434,0.145645244,0.101792274,-0.267991807,1
-0.013859858,-0.033302939,-0.007491057,-0.009539174,0.654594463,-0.948732719,5.894227044,0.475030805,1.0,-0.114702719,3.8279074348999846,-0.058755215,-0.038295554,0.004657361,1
0.086302505,0.068583084,0.16903563,0.0,0.886381437,1.070765661,1.367579681,-0.038228342,1.0,0.407197802,0.355810212,0.089240259,0.087575876,-0.063037797,1
-0.050974366,-0.012261313,-0.065508109,-0.025797803,0.521666029,-0.026459978,0.32399687,0.001497079,1.0,0.576515611,1.013227254,0.301143647,0.093206373,0.014942454,1
0.237041955,-0.035423497,0.028302278,0.070282608,0.600870185,0.106872327,0.213368354,0.023001907,1.0,-0.08198845,0.997256804,-0.274835949,-0.008544936,0.032452173,1
0.005060089,0.399977,0.060261055,0.0,0.949442245,6.567314073399985,-0.97529576,0.147868377,1.0,1.872286143,0.577540107,-0.330424613,-0.059643757,-0.337415905,1
-0.000450688,0.154678669,0.024176645,0.025849748,0.427183114,0.214154701,0.101774151,0.019140727,1.0,0.438258881,1.065787494,0.381133345,0.158641657,-0.124192388,1
0.369292569,0.154378806,0.114706539,0.268206186,0.9661832814999999,0.084219888,-0.023506388,-0.0033585050000000003,1.0,0.672581558,0.61578545,0.040637812,0.11433322,-0.15649568,1
0.211523616,0.173345498,0.034528739,0.178959927,0.771799117,-0.050485437,0.716136293,-0.414874153,1.0,0.071718045,0.897168923,-0.416804636,-0.273592715,-0.545582146,1
0.062310194,0.030917696,0.072922351,0.045513265,0.827909304,0.04763274,-0.343228106,0.004285085,0.0,0.726718847,1.075289558,0.562632189,0.158445339,-0.016858592,1
-0.001427132,0.049949631,0.042478173,0.0,0.232057245,2.422100548,0.068349673,0.082966275,1.0,0.367191679,1.008277901,0.269838998,0.318282648,0.110644728,1
0.203992081,0.788328899,0.16697139,0.051470866,0.618813268,2.326790158,0.402971832,0.215426474,1.0,0.213760088,0.865953759,-0.230883744,-0.016620547,-0.731007351,1
0.4722610272999997,1.019732767,0.032917441,0.142996195,0.486769845,0.084219888,-0.023506388,-0.0033585050000000003,1.0,0.396400218,1.055819477,-0.22353969,0.053669496,-0.849482347,1
0.071529961,0.054078374,0.064888979,0.040365508,0.358561363,0.273429839,0.272095849,-0.001919657,1.0,0.206075002,1.132403843,0.143618552,0.115711377,-0.039364291,1
0.201579998,1.01949822,0.257522354,0.0,0.54354151,0.957388774,0.469464605,-1.1859958160999997,1.0,0.095868631,1.121535469,-1.853498871,-1.680837723,-1.499947705,1
-0.215079892,0.423284639,0.129812962,0.0,0.669058022,2.582865829,-0.439509642,-0.190041165,1.0,0.131893828,0.575572574,-0.083574437,-0.042867265,-0.566977677,1
0.006801576,0.033456051,0.008401052499999999,0.0,0.886416993,0.084219888,-0.023506388,-0.0033585050000000003,1.0,-0.025323659,0.965401612,-0.983230855,-0.439686976,-0.035267145,1
0.331469678,0.230571397,0.280368258,0.090387268,0.328463091,2.549710679,-0.366145525,0.619408984,1.0,0.288245379,0.725347368,-0.717363575,-0.292724785,-0.419732379,1
-0.005541069,0.030964798,0.074967406,0.0,0.736494598,0.286245353,-0.058032091,-0.047223251,1.0,0.341649349,0.983216783,0.289315726,0.080432173,-0.057040417,1
0.078811593,0.033456051,0.038748131,0.096244382,0.698963243,0.28521256,0.034992909,-0.064915674,1.0,0.107669489,1.015197849,0.312196833,0.110865939,-0.035267145,1
0.124391158,0.650805545,0.116273261,0.0,0.854885845,0.049500801,-0.848841744,-0.003013113,1.0,0.293694475,1.446522502,0.101187215,0.106210046,-0.62557762,1
-0.112812524,-0.512804924,-0.020518276,-0.000721939,0.457095073,0.125378593,-0.817545312,-0.690693183,1.0,0.081414062,1.121908371,-2.143766885,-1.715232214,-0.215669884,1
-0.033585041,-0.103181912,0.122715405,-0.01068221,0.925914342,0.867742752,-0.153097055,-0.145963562,1.0,0.745223184,0.794451453,-0.010999208,-0.110669753,-0.036282678,1
0.4722610272999997,0.765357849,0.166680986,0.192284561,0.782608696,0.298771227,-0.193073508,-0.011951099,1.0,0.407555778,0.992515832,0.171541502,0.120948617,-0.761405619,1
0.105429455,-0.053636714,0.029947726,0.056160399,0.774532501,0.092455495,0.159402441,-0.338845231,1.0,0.3636347,1.258247712,-0.515719731,-0.108874165,-0.259165603,1
0.075229817,0.050239789,0.028923128,0.060109644,0.903004904,0.679193215,0.313867206,-0.002646434,1.0,0.261319171,0.956683097,0.180508248,0.064592064,-0.022448355,1
0.026761913,0.023869675,0.011778029,0.0,0.617544217,-0.075263422,-2.900856076,-0.058258668,1.0,0.380457381,0.973390678,-0.117391452,-0.056115694,-0.069448558,1
-0.009144729,0.218365786,0.061587447,0.0,0.844930621,1.000583376,2.741740121,-0.04671344,1.0,0.193517676,1.211948771,1.54e-05,0.016470602,-0.250390935,1
0.174450574,0.403036699,0.300991539,0.0,0.500973527,0.947047685,0.220944809,0.103964805,1.0,0.041171538,0.879236887,0.074048543,0.125046862,-0.295599269,1
0.206504147,0.927911525,0.275810911,0.268206186,0.601242807,1.167447307,-0.571928914,0.238617753,1.0,0.234089269,1.633437557,-0.141095094,-0.101505239,-1.043074381,1
0.077780564,0.60111667,0.08048506,0.077240329,0.89293331,0.084219888,-0.023506388,-0.0033585050000000003,1.0,0.454794166,1.620732729,-0.031176903,0.024793533,-0.642521038,1
-0.002324652,-0.038775209,0.001868358,-0.000324525,0.390652287,0.020262836,-0.122612485,-0.09203009,1.0,0.351365474,0.849812691,-0.089994792,-0.098483205,-0.035890094,1
0.001221658,-0.169431382,-0.002471102,-0.093622235,0.784084966,-0.177880583,-0.521634943,-0.249062965,1.0,0.184606058,0.662841828,0.015702301,-0.29846305,-0.052118116,1
0.2633333,0.263576414,0.223057365,0.071495862,0.547369658,0.032034395,-0.183460302,-0.102487398,1.0,0.531525633,1.189900455,0.224269241,0.016445758,-0.347552143,1
0.018304683,0.039926493,0.0178441,0.028795738,0.437159903,0.404380968,0.042165313,0.068339854,1.0,0.490634351,0.841720683,-0.04430053,0.069451557,0.02174975,1
0.098784794,0.036882011,0.027378479,0.062339011,0.738407126,0.640241132,-0.039092611,-0.022169002,1.0,0.665000523,0.630688619,0.142436094,0.120008234,-0.021520565,1
-0.5838447201,-1.205061747,-0.003049245,0.0,0.181349206,0.084219888,-0.023506388,-0.0033585050000000003,1.0,0.02203736,0.95,0.075793651,0.113095238,-0.178685775,1
0.077739726,0.072374429,0.012785388,0.116666667,0.8617044,0.201591956,1.269690306,0.131065633,1.0,0.083892677,0.965444824,-0.961020931,0.047415634,0.057648402,1
0.11569854,0.254155496,0.043451494,0.085790885,0.490343233,0.250084336,0.042700089,-0.003504591,1.0,0.581947532,0.950597363,0.197581362,0.088920505,-0.241525171,1
0.004982802,0.010026118,0.016756119,0.050986807,0.340485257,0.194623918,-0.057266999,-0.027221299,1.0,0.914753688,1.245308306,0.399835105,0.054341489,-0.029338015,1
-0.061108485,0.166694343,0.051055731,0.014830048,0.770327003,0.084219888,-0.023506388,-0.0033585050000000003,1.0,0.238700128,1.088605278,-0.14166658,-0.032752388,-0.251472147,1
0.124543604,0.088979121,0.172135674,0.111801153,0.57639561,0.369929696,-0.621957151,-0.006174696,1.0,0.926235771,1.095619218,0.157667873,0.073357813,-0.078123911,1
-0.04840574,-1.2052824898,0.051199474,0.0,0.330026283,6.567314073399985,-1.053885485,-1.1859958160999997,1.0,0.029104891,0.529254971,-4.39612514,-4.058963525,-0.248285908,1
0.006801576,0.033456051,0.008401052499999999,0.0,0.791022181,0.084219888,-0.023506388,-0.0033585050000000003,1.0,0.507611153,0.965401612,-0.937931942,-0.465740802,-0.035267145,1
-0.084165898,-0.075446775,-0.039528997,-0.070927425,0.748568206,0.105378218,-0.138301439,-0.068461236,1.0,0.615505644,0.794800166,0.188449462,0.00653705,0.012649918,1
0.033167285,-0.139353524,0.037528051,0.029443127,0.68203891,0.060079923,-0.141904641,-0.089924554,1.0,0.111843827,1.183535611,-0.212767932,-0.019702453,0.124679707,1
0.290423252,0.191463046,0.234421066,0.268206186,0.703927861,0.62183163,0.251516149,-0.162711416,1.0,0.063058478,1.045367652,0.08495471,0.071570738,-0.239181396,1
0.030294852,0.137362365,0.091490452,0.06851043,0.451456396,0.78599388,0.014036237,-0.078059698,1.0,0.157099698,0.830092989,0.25818239,0.038551647,-0.192653223,1
0.027036803,0.044820207,0.036169636,-0.019667239,0.757024223,0.252194456,-0.258409744,0.0381533,1.0,0.638347673,0.885761911,0.341517623,0.075715938,-0.006932513,1
0.061991484,0.104654104,0.149400471,-0.001418273,0.611506009,0.377935438,-0.229288258,0.026956939,1.0,0.292742074,1.336288276,0.166117533,0.139969206,-0.059043524,1
0.011952337,-0.002529789,0.012318973,0.002933089,0.911582288,0.052973484,0.001547432,0.007542495,1.0,0.206837428,1.014743786,0.120979374,0.100858214,0.011549038,1
0.105353451,0.53991059,0.148203409,0.0,0.39936661,0.64016927,-0.443856231,0.394122391,1.0,0.183020917,1.287468598,-0.460176075,-0.132079831,-0.468141939,1
-0.270133703,-0.246612708,-0.171846353,0.0,0.43892254,-0.085519065,-0.025541641,-0.554009383,1.0,0.04572775,0.915805511,-2.20241373,-0.338381057,-0.294727899,1
-0.11269722,0.134068628,0.00670404,-0.010171647,0.181016546,0.477105128,0.024154654,0.022583029,1.0,0.096326238,0.74433165,0.39472902,0.334786486,-0.03120915,1
0.163537985,0.48665269,0.013065788,0.009575721,0.73013019,2.411754049,0.107355871,0.325372456,1.0,0.241829079,0.82620832,-0.565411381,0.151226984,-0.266578816,1
-0.5838447201,-0.757869622,-0.016829575,-0.001188674,0.697223901,0.946060777,-0.70326282,-0.380056082,1.0,1.42176949,0.880713453,-3.732396118,-2.426847474,0.205272925,1
0.074079316,0.013815451,0.003294041,0.12135246,0.732260463,0.451557832,1.336334245,-0.038337481,1.0,0.467602155,0.775647358,-0.361627431,-0.025701377,-0.056350056,1
0.010224324,0.013551962,0.064631763,-0.018594589,0.716841745,0.049002251,-0.328603358,-0.029075631,1.0,0.275781278,0.963468921,0.128064111,0.038718579,-0.032664444,1
-0.058063603,-0.290237147,0.001213028,-0.006024705,0.661930914,0.023466088,0.005653062,0.001147222,1.0,-0.05374156,0.953059306,0.187718879,0.208333333,0.296949235,1
0.4722610272999997,0.999422633,0.35771482319999914,-0.004907621,0.842375932,2.391862008,-0.248624466,1.0961144312999995,1.0,0.28879788,1.75,-0.071655096,0.4120168,-0.305571594,1
-0.211681081,-0.206298663,0.147954886,-0.093863632,0.854810978,-0.194843888,-7.149417175,-0.426793159,1.0,0.307924614,0.21436851010000002,-0.595272814,-0.522798006,-0.078003985,1
0.179976055,0.111388806,0.21123915,0.006150853,0.78284253,0.618277471,0.086378523,-0.047384932,1.0,0.147510726,0.594098028,0.153745459,0.146662472,-0.073540856,1
0.108985642,0.033456051,0.039178721,0.091625493,0.719378566,0.737384684,-0.097977149,-0.095658302,1.0,0.359115902,0.941278558,-0.012837391,0.078478376,-0.035267145,1
0.197053773,0.049757183,0.074635775,0.196184202,0.896305125,1.134641478,-0.501673075,-0.003215997,1.0,0.583300005,1.033960804,0.146814991,0.137346047,-0.021930891,1
-0.005797226,0.053205651,-0.084424786,-0.003134796,0.625039733,0.688507919,-1.857100635,-0.018439279,1.0,0.545807777,1.088416529,0.030634139,0.040924984,-0.057371065,1
0.047130456,-0.112953331,0.106722525,0.0,0.574968075,6.567314073399985,0.942085445,0.560837773,1.0,0.063885852,1.349979458,-1.120339535,-0.072401532,0.220101894,1
-0.049112465,-0.11157589,-0.007412384,-0.05284033,0.87592658,-0.217552921,-0.270724958,-0.090464838,1.0,1.778058406,1.194871209,0.023032121,-0.098040946,0.022627278,1
-0.11907717,0.473753377,-0.035409214,0.0,0.172427303,0.404208905,2.230220699,-0.10709622,1.0,0.298475132,1.876101107,0.451375588,0.42415850939999933,-0.017887129,1
-0.101182858,0.223097371,0.130029958,0.0,0.395757866,1.408338159,0.081743555,-0.000297889,1.0,0.044485862,0.555214953,0.052374103,0.098932808,-0.164812445,1
0.195378118,0.928134385,0.281102957,0.060222583,0.430313691,0.528998337,-0.173296927,0.266000372,1.0,0.149589301,0.782291984,-0.440730968,-0.136010945,-1.04658819,1
0.014436662,0.062180932,0.008480597,0.001541021,0.408905689,0.586842683,0.64594516,0.020050044,1.0,0.999332091,0.629442522,-0.036830597,0.078677449,-0.041260346,1
0.164326984,0.381994332,0.090994969,0.02842769,0.617762157,0.351601602,-0.012806641,0.007546192,1.0,0.268218779,0.905177762,0.562721936,0.392927024,-0.346975988,1
0.291699794,0.490293398,0.223494994,0.087069957,0.581753429,0.165261739,-0.442116627,-0.028916965,1.0,0.43885083,1.078787536,0.099531024,0.047191434,-0.487452818,1
-0.237946253,0.201306948,0.160643645,0.018003377,0.787222298,1.990070813,-10.412837491,-0.186681402,1.0,0.212062024,0.496402878,-0.190641964,-0.161743453,-0.487346546,1
-0.093804847,-0.204637963,0.041375705,-0.070727062,0.875720371,0.190389943,-0.834959901,-0.218027957,1.0,0.325795735,0.776784893,-0.913137894,-0.447590412,0.016505471,1
0.033249015,0.0072764,0.02552194,0.026302954,0.71677839,0.183374843,-0.019065943,0.019008085,1.0,0.593685527,1.023481774,0.286241568,0.085834509,0.016327163,1
0.30112707,0.132521108,0.219816247,0.108855857,0.868407694,0.145228629,-0.119317585,0.008067978,1.0,0.395745404,1.015444796,0.109794624,0.091872749,-0.116121505,1
0.4722610272999997,0.706119763,0.101206405,0.268206186,0.960558272,1.019129273,0.665188378,0.11242892,1.0,0.402349334,1.322612012,0.039376963,0.22220783,-0.55735907,1
0.254370221,0.678477811,0.159164524,0.152077003,0.548296709,0.853720285,1.088384747,0.313412613,1.0,0.165858325,1.199051843,0.224076278,0.422177151,-0.320929475,1
0.192967293,0.054678615,0.109175272,0.148357064,0.859339434,0.107407284,-0.254262197,-0.10216693,1.0,0.305811709,0.712837868,0.088539973,0.060807358,-0.102473123,1
0.194645181,0.279907732,-0.000975992,0.005763536,0.605879282,0.674267125,-1.651783011,0.021220058,1.0,1.254915833,0.88887279,0.032205619,0.077394708,-0.252718971,1
0.099188955,0.508553374,0.138645371,0.020276123,0.854106582,1.349883247,0.098379291,-0.010908729,1.0,0.333303408,1.071479343,0.074853192,0.081230527,-0.478483687,1
-0.021483492,-0.024940234,-0.001647606,-0.022323448,0.901491679,-0.199424455,-0.009238273,-0.102751933,1.0,-1.007661099,1.250627206,-0.231705369,0.142204619,0.038250307,1
0.123412861,0.154389627,0.056177265,0.09071099,0.772004738,0.234149129,0.156876034,0.013917148,1.0,0.141327851,1.157483954,0.429572316,0.172858031,-0.124431582,1
0.006801576,0.033456051,0.008401052499999999,0.0,0.877154563,0.084219888,-0.023506388,-0.0033585050000000003,1.0,0.070702117,0.965401612,-1.029104267,-0.941367618,-0.035267145,1
-0.014098386,0.09455772,0.028120973,0.019480027,0.633117547,0.497668941,-0.047744341,0.02133439,1.0,0.366296155,0.852794441,0.067938671,0.050902896,-0.071894186,1
0.222260164,0.379529568,0.180218544,0.081542263,0.787586358,0.416122715,-0.204919389,-0.017661379,1.0,0.705165136,1.116207975,0.223312273,0.148860789,-0.353205849,1
0.025372957,0.175846012,0.012619747,0.056514518,0.725884332,0.90758599,0.712659841,0.203078552,1.0,0.189339572,0.88974548,0.00348529,0.11812472,-0.030971024,1
0.040932753,0.232332596,0.326321044,0.041217999,0.553439862,0.306111834,-10.412837491,-0.056293187,1.0,0.055646442,0.521551034,-0.097981054,0.032819826,-0.234471939,1
0.062584532,-0.011166783,0.059070044,0.103516879,0.863114284,0.798418687,-1.870435138,-0.033054401,1.0,0.32985228,0.772145035,0.076525999,0.06138988,0.002057803,1
0.055290356,0.041826945,0.074720768,-0.027981184,0.639051783,0.040893601,-0.393419731,-0.071668823,1.0,0.315355021,1.399789537,0.17804969,0.061190659,-0.093768828,1
-0.029404403,0.019414306,0.010697457,-0.091608536,0.837610094,0.295061416,-0.505871367,-0.069592325,1.0,0.462967532,0.778689598,0.20823155,0.084500572,-0.067743305,1
-0.11390928,-0.106730869,-0.026084516,-0.136153494,0.659654418,-0.068423986,-0.664148196,-0.104827791,1.0,1.488412949,0.836489912,0.408599501,0.045215142,0.012879784,1
-0.00513633,0.050253124,0.007560363,0.007131541,0.749914376,0.492920607,0.232957445,-0.018539359,1.0,0.94687508,0.82565452,0.210191202,0.133737316,-0.038870293,1
0.019539802,0.083173913,0.026930277,0.001438621,0.330180903,0.143848638,-0.203124573,0.002027483,1.0,0.338116326,1.241902405,0.129945168,0.092285904,-0.071363773,1
0.030679842,0.101777361,-0.002807166,0.074758774,0.579373756,0.181695153,0.145963547,0.005388004,1.0,0.240213682,1.015545501,0.088075692,0.165752791,-0.080627189,1
0.205401831,0.03017752,0.140546795,0.111103968,0.878892734,0.232543022,-0.253635115,0.02309635,1.0,0.975673899,3.690313574,0.087410665,0.098195518,0.011993865,1
-0.00230826,-0.078215614,0.033412426,-0.013046689,0.875881391,-0.092359115,-0.095634687,-0.015236713,1.0,3.478344289,0.823831729,-0.006573327,0.011300621,0.030509179,1
0.06360962,0.272309324,0.08247215,0.025664375,0.772195419,0.254522049,-0.077431106,-0.000591635,1.0,0.393332387,1.002836861,0.163081094,0.070380839,-0.259285968,1
-0.018613517,0.052466455,0.008674135,-0.011661656,0.416938567,0.06251388,-0.026870679,-0.004700755,1.0,-0.024947448,1.013788,-0.115462209,0.14040702,-0.051561938,1
0.192598551,0.318240999,0.115878348,0.137695755,0.863477869,0.54501482,-0.03475479,0.014209034,1.0,0.458569481,0.815511203,0.131033715,0.142650735,-0.277257849,1
0.013029732,-0.004343244,0.030722064,0.002363236,0.494227494,0.452421555,-0.578362131,-0.018714384,1.0,0.614754629,0.907917232,-0.036338401,0.052362627,-0.010985853,1
0.059571553,0.030759684,0.032958597,0.02529827,0.786720807,0.036939005,-0.015903786,-0.020740347,1.0,0.842295418,1.027924049,0.362182195,0.086572771,-0.037404851,1
-0.000960465,0.130753057,0.286478208,0.231524025,0.756743111,0.953878297,-0.689805373,-0.077651014,1.0,0.032004986,1.707348197,0.015088258,-0.146144436,-0.224930561,1
0.077358077,-0.074346074,0.152304152,0.0,0.625088216,3.289692702,-0.152084633,0.308514292,1.0,0.175477376,0.86129176,-0.480829106,-0.033928912,0.116490117,1
0.032615026,0.295476607,-0.020098896,0.032135394,0.82474586,-0.003189289,0.034648293,-0.117696289,1.0,0.253031782,0.982114772,0.11813412,0.05962043,-0.336062672,1
0.098705371,0.133653755,0.045879827,0.087217098,0.76429371,0.122952842,0.072986395,0.00421149,1.0,0.779904244,0.858639353,0.170833506,0.118274666,-0.120802714,1
0.057487042,0.418836636,0.185769658,0.0,0.457603236,0.963562573,0.032082045,0.025100936,1.0,0.108235427,0.719797565,0.109069523,0.110372497,-0.374709989,1
0.370586741,0.213439802,0.107219964,0.268206186,0.795429538,0.698117531,0.293113472,-0.047871371,1.0,0.159179714,1.28962765,0.187752644,0.167297914,-0.158988443,1
-0.014080966,0.144581343,-0.051294946,0.087503143,0.830845771,0.027183343,0.582911036,-0.087488788,1.0,0.520670048,0.983967611,-0.740547264,0.060696517,-0.22102087,1
-0.022779441,-0.056227515,0.006208225,0.0,0.765738471,1.310904862,0.288953832,-0.033765666,1.0,0.588963122,0.5507209,-0.038860044,0.010001924,0.019930458,1
0.079330371,0.086268874,0.05908112,0.045885825,0.65607708,0.083034016,0.110385635,0.028221346,1.0,1.027775973,1.04165292,0.367106992,0.146138183,-0.054001772,1
0.138952501,0.201152397,0.067297038,0.004506168,0.768853508,-0.180620223,-0.295741449,0.124695791,1.0,0.096664155,1.127551473,-0.582983865,0.093752221,-0.086799143,1
0.185471147,0.201357018,0.198525398,0.114920601,0.719995662,0.892963971,0.700775064,-0.092285298,1.0,0.311561181,0.931134896,0.274410577,0.033119764,-0.257641476,1
-0.018966909,-0.001153004,0.02248357,-0.017006803,0.548697235,-0.11489573,-0.002167461,0.0219644,1.0,0.063555927,0.90798962,0.78457252,0.352770509,-0.002940159,1
0.229018882,0.071460475,0.14390569,0.106038918,0.964464174,1.087255598,0.528676498,0.024547161,1.0,0.721935148,0.95081501,0.03029265,0.045283265,-0.045990877,1
-0.014076971,-0.030583428,-0.002758622,0.001133525,0.614209581,0.077868752,-0.027171624,0.003599361,1.0,1.546863565,1.006213515,0.138808349,0.047170118,0.034987434,1
0.025151102,0.023827688,0.022450997,0.05198155,0.743622789,0.077736353,-0.049752256,0.041622798,1.0,0.606029901,1.275957868,-0.049414821,0.062927584,0.018373918,1
0.006801576,0.033456051,0.014114883,0.0,0.033321288,0.177619071,-0.024489243,-0.151996558,1.0,0.511985777,0.965401612,0.690114519,0.29376067,-0.035267145,1
-0.04410362,0.43381847,-0.007234341,0.021966393,0.41375533,2.632971062,0.637833305,-0.056377385,1.0,0.985254586,0.40235964,-0.265990354,-0.187760562,-0.587915399,1
0.009123982,-0.009439096,0.075053675,0.067424179,0.467089148,0.422746932,-0.214950708,0.000194418,1.0,0.08653602,1.054756815,-0.253035622,0.092047659,0.0247774,1
0.143905266,0.413624217,0.194084697,0.0,0.376331151,0.030518576,-0.658711544,-0.110781562,1.0,0.021585066,1.176246102,0.167655955,0.266739588,-0.393072668,1
0.060197726,0.036674307,0.043620199,0.079553611,0.761745851,0.199774327,-0.031298066,-0.006188277,1.0,0.295129655,1.094518637,0.318082023,0.03943093,-0.04098076,1
0.114910004,0.096750778,0.103099125,0.020644431,0.928069151,-0.189089168,-0.212512899,0.027086933,1.0,0.29232224,1.178389325,-0.387571545,0.079873847,-0.068478488,1
0.249205328,0.51632176,0.169559283,0.127072187,0.80028033,0.593687802,-0.045971296,0.142934923,1.0,0.650377269,1.533813829,-0.677313744,0.067361012,-0.390931484,1
-0.032958902,-0.030537432,0.0,-0.046344252,0.524401914,0.030702853,-0.165818399,-0.043948915,1.0,1.428953156,1.01224623,0.274641148,-0.003075871,-0.028452277,1
0.024134371,-0.091280151,0.002016948,0.103633956,0.963102702,0.155847994,0.482032422,0.017140424,1.0,1.420355419,0.586517197,0.226776731,0.064584055,0.109557413,1
0.006058704,0.432318598,0.036720085,0.003789195,0.834823634,0.023576756,-0.046025857,-0.025687429,1.0,0.352093193,0.931211054,0.067421698,0.059838455,-0.431334654,1
0.03146032,-0.112677887,0.050212118,0.077847813,0.456995423,0.208549,0.290451738,-0.002119272,1.0,2.091297897,0.999643506,-0.010725808,0.024990288,0.111721731,1
-0.06802021,0.030251996,-0.017870509,0.000499002,0.562141491,0.102874993,-0.082821302,0.030056548,1.0,0.11265163,0.940378636,-0.24032946,0.215767025,0.017808134,1
-0.026340428,0.190375133,0.0162287,0.0,0.58718261,0.478013564,0.116525095,-0.047735846,1.0,0.050479197,1.083099349,0.170898529,0.192448234,-0.131702141,1
-0.062265208,0.210592462,0.04636422,0.031938582,0.100211329,0.084219888,-0.023506388,-0.0033585050000000003,1.0,0.324376169,0.907968674,-0.282072502,-0.220210738,-0.569238966,1
0.10781495,0.249471332,0.106040492,0.0,0.581097231,0.4297769,-0.235113519,-0.01582778,1.0,0.611162773,0.824927638,0.142612017,0.098039085,-0.240885894,1
0.036154051,0.129953513,0.0,0.169064366,0.712240795,0.22595758,0.006231074,-0.005938782,1.0,0.163752159,0.982720524,0.331965103,0.238709209,-0.094775658,1
-0.067444089,0.369590698,0.040237162,0.0,0.756171634,4.330315811,-1.419338421,-0.385279467,1.0,3.124146904,0.403786033,-0.930476199,-0.66582188,-1.150343937,1
-0.024349718,0.052566388,-0.000120842,0.000422948,0.670247934,0.01152506,0.054092412,0.025647062,1.0,0.04437395,1.189967174,0.78457252,0.372668241,-0.014078125,1
0.25102571,0.22208257,0.005335101,0.268206186,0.749049893,0.643370631,0.12752904,-0.005093892,1.0,0.696019916,0.931478494,0.11040534,0.074540612,-0.212862602,1
0.210525382,0.320115104,0.034197557,0.036766454,0.95941683,0.445805368,9.616906298799961,-0.072949879,1.0,0.438962528,0.652853067,0.03670343,0.045414715,-0.355295512,1
0.00106991,0.055522707,-0.056160899,0.00527447,0.406614987,0.424679706,-2.541268016,-0.003157512,1.0,0.415964323,1.013714604,0.133788114,0.079235142,-0.05143077,1
-0.104623668,0.032786382,-0.005507048,0.004514141,0.113318137,0.244970049,-0.294217971,-0.041928719,1.0,1.048874042,1.015970767,0.023914418,0.05172678,-0.055561811,1
-0.024716701,-0.037509176,-0.054413829,0.013318223,0.807593036,-0.088275946,-0.030636632,-0.073266213,1.0,1.929180894,0.9784088,0.167379982,0.022673588,-0.033711137,1
-0.031956278,0.347741032,0.009288147,-0.028479845,0.43021362,0.036359299,-0.479318136,0.10110888,1.0,0.250390795,1.108425143,-0.331641506,-0.190620725,-0.479776172,1
0.02211126,0.039875992,0.03131701,0.025538416,0.817086321,0.022990628,-0.00542344,-0.016211294,1.0,0.200672416,1.07955722,0.296911157,0.100443749,-0.037483129,1
0.037681438,0.063549578,0.02010941,0.0,0.898098994,0.308221927,0.200286686,-0.022067505,1.0,0.496423445,0.72124952,0.089353908,0.10200177,-0.042342785,1
0.025314457,0.051131565,0.013425895,0.02101228,0.434605624,0.153462721,0.055786883,0.011188368,1.0,0.22031047,0.956599169,0.23767757,0.11606923,-0.027535206,1
-0.207901373,1.106752592,0.156906697,0.0,0.294384572,0.084219888,-0.023506388,-0.764383611,1.0,0.077936389,0.965401612,-1.224049915,-1.068633012,-1.499947705,1
0.032152085,0.640678067,0.083491378,0.006383238,0.254861196,2.491795577,0.828739782,0.1830084,1.0,0.383055529,1.171371249,0.294992652,0.310055172,-0.4213312,1
0.068003809,0.028845692,0.027351702,0.038747595,0.87821642,0.126283916,0.045468721,-0.034599693,1.0,2.171336689,0.776959291,0.231633198,0.052940616,-0.048267557,1
-0.063523201,-0.084820206,-0.036454716,0.0,0.686150673,-0.025633731,-0.108534805,0.019702022,1.0,0.858549745,1.180456057,-0.120118998,-0.064136043,0.109881039,1
0.051583964,0.061115784,0.028595458,0.025231287,0.580079681,0.065188042,0.00082429,0.00962825,1.0,0.626989472,1.110616151,0.171314741,0.082868526,-0.046537707,1
0.036363399,0.116332804,0.007537073,0.041042482,0.734860205,0.16160095,0.239343584,0.083597781,1.0,0.384392656,1.083423411,0.043695731,0.103443137,-0.050770297,1
-0.044590245,0.085589017,-0.002767456,0.0,0.044644943,2.873620863,-0.556606099,0.393408909,1.0,1.012270928,0.498705073,-0.240281098,-0.180961196,-0.305943811,1
0.013506281,0.074139373,0.065198152,0.0,0.309213912,2.267303838,-0.538930775,-0.280827927,1.0,1.318789354,0.649543266,-1.608379741,-0.942220038,-0.472604393,1
-0.050944207,0.01027068,0.002905252,0.003682714,0.566299337,0.339476918,-0.060965658,0.00405315,1.0,0.360578507,0.866196333,-0.006662345,0.097126188,-0.004910285,1
0.047083231,0.211291592,0.178449216,0.099999472,0.87709477,0.746627756,-0.17827196,-0.611041868,1.0,0.109918448,1.525920839,-0.626329162,-0.350095798,-0.784934211,1
-0.000180558,0.374166174,0.008606594,0.014484758,0.097231786,0.805087712,0.164387429,0.047974368,1.0,0.499536425,0.828954905,-0.057754158,0.094671776,-0.324683271,1
-0.01476062,0.285387079,0.036438355,0.092567137,0.888558641,0.040413078,0.10065554,-0.046071568,1.0,0.609737107,1.244967919,0.149346108,0.041506399,-0.297175949,1
0.115952312,0.074800314,0.048268671,0.015394373,0.738074026,0.192009401,-0.256872811,0.078455453,1.0,0.400606178,0.86943382,-0.111909776,0.059265409,0.010255749,1
0.111681208,0.291947446,0.05706224,0.013729616,0.132403044,1.194197643,0.550581088,0.499355515,1.0,0.239223804,1.455034364,-0.388610074,-0.0563886,-0.189850172,1
-0.030012976,-0.3898678,0.151158261,0.015405425,0.302824433,1.21013642,-0.136548895,0.047267402,1.0,0.099151015,0.882550765,0.118018059,0.134249505,0.481243234,1
0.0866388,0.283651457,0.001169215,0.0,0.013717141900000002,-1.833333333,0.237837838,0.013774661,1.0,1.11208057,0.850565518,-0.259874935,-0.012245961,-0.398468329,1
0.009235329,0.043435246,-0.010974308,-0.005502408,0.893916916,-0.000313102,-0.060132141,-0.117458781,1.0,0.468281639,0.830476702,0.146618985,-0.015483587,-0.152938613,1
-0.044845573,-0.009086458,-0.012955727,-0.029191827,0.681376212,-0.238220668,-0.226991072,-0.013641358,1.0,1.388142137,1.005473447,0.286648759,0.029039852,-0.004150631,1
0.081581731,0.072251905,-0.000759404,-0.002278213,0.650234869,0.078422669,2.731876188,-0.006370594,1.0,0.597991346,1.020677969,0.075913828,0.099886615,-0.073391012,1
0.035023189,-0.001279386,0.017431633,0.003838158,0.781755915,-0.059662237,-0.342307748,0.017082696,1.0,0.908715407,0.899155489,0.259028643,0.096824409,0.015192708,1
-0.009232642,-0.036045778,-0.118979278,-0.013649704,0.666880113,-0.311023584,-2.286722902,-0.004021991,1.0,0.691315077,1.011120296,0.042545908,0.033437115,0.033763817,1
-0.00126021,0.029057593,0.036997208,0.0,0.590006713,0.175354381,0.058306513,0.093181805,1.0,0.152436811,1.01567457,-0.018624724,0.03648495,0.061639699,1
-0.123777678,-0.068056648,-0.038468023,-0.082696415,0.385098695,0.12321103,0.082386568,0.032715782,1.0,0.335960012,1.001664959,0.486085643,0.21276022,0.105288299,1
0.015376645,0.054211999,0.01189514,0.002776914,0.562841973,-0.037915613,-0.201612714,-0.003870968,1.0,0.420862836,1.113807441,0.451100393,0.146840676,-0.053548855,1
0.02911148,0.138923453,0.154297855,0.002447522,0.911759954,0.371141104,0.301901572,0.196772761,1.0,0.161454487,1.113591545,-0.138166743,0.055879775,0.007062019,1
-0.025439054,-0.269634208,0.013151099,0.0,0.68457253,1.23108846,0.058902501,0.070459436,1.0,0.086758446,1.033636827,-0.28500326,-0.121058314,0.241535978,1
0.037512812,0.064229587,0.0,0.038606081,0.552833686,0.066846825,0.045349089,-0.009831618,1.0,1.57540745,0.950168131,0.282574153,0.070842161,-0.056371712,1
0.095705294,0.554856226,0.043841787,0.042638529,0.879934639,0.377941106,0.068599249,-0.083199324,1.0,0.289749391,0.569716471,-0.065147891,-0.048097189,-0.640842898,1
-0.065709821,0.29968113,0.098237895,0.000412353,0.770239968,-0.167872413,-1.637136792,-0.025054145,1.0,0.289656772,1.268899252,-0.251045885,0.007195689,-0.322296336,1
-0.008179914,-0.290184893,-0.022877011,-0.000478483,0.600806492,-0.411438819,-0.421903396,-0.06825349,0.0,-0.714410639,1.283551863,-0.145069912,-0.011741241,0.213323467,1
0.026688741,0.02953693,0.018422645,0.002537747,0.128873806,0.180178495,-0.088686702,0.013715559,1.0,0.443468295,0.734669562,0.113963433,0.123711108,-0.018425888,1
-0.040296681,0.08304022,-0.013916501,-0.000688179,0.527356676,0.084663121,0.170223005,0.026739686,1.0,0.343048335,0.975358527,0.171296653,0.120892651,-0.05719529,1
-0.128119522,0.104585813,0.04923042,0.0,0.764523759,0.167136034,-0.074383053,-0.026253472,1.0,0.153166702,0.932404106,0.217902494,0.146128244,-0.085990231,1
0.05794873,0.022631718,0.088989261,0.003603777,0.29005858,-0.080058461,-0.284524958,-0.020109583,1.0,0.034430659,1.019390368,0.025801172,0.125129221,-0.042140163,1
0.062618747,-0.042712176,0.01072873,0.057529236,0.531501052,0.022467117,0.347056403,-0.032796221,1.0,0.411842331,1.011662382,0.146600631,0.070995934,0.020872219,1
0.152969584,0.083801106,0.264882898,0.074813112,0.787877488,0.91511574,-0.313374258,-0.277231421,1.0,0.095163991,1.091688579,0.216920828,0.005639836,-0.252845836,1
0.036733805,-0.009440202,-0.032535421,0.03418684,0.693225981,0.058720256,0.037412294,0.001353934,1.0,0.25447426,0.931055699,0.072208648,0.078341505,0.01140383,1
0.267152711,0.012152819,0.116777867,0.21630581,0.665951656,1.543060407,-0.154893863,-0.021397981,1.0,0.356427542,0.938698112,0.122158946,0.068583146,-0.007669255,1
0.197127803,0.619152133,0.173482086,0.081295372,0.524220078,1.848587287,-0.192269587,0.086520383,1.0,0.725618868,0.540912094,-0.037776149,0.052275456,-0.559358399,1
0.000187349,-0.096088429,0.03833688,0.097747802,0.554326264,-0.2751149,-0.540578279,-0.046449223,1.0,0.674317656,0.780549794,0.143244238,-0.040609215,0.049513563,1
-0.036745687,0.103437242,-0.005146529,-0.000959974,0.232682225,0.49267013,0.098495005,0.273940007,1.0,0.115634206,1.275138899,-0.306221872,0.133554494,0.131703155,1
-0.028578502,-0.011783791,0.00957109,-0.046925545,0.48952034,-0.085841637,-0.119554778,-0.014754762,1.0,1.56498741,0.922440197,0.02996287,0.027476101,-0.007073924,1
-0.00246629,-0.143993548,0.004192459,0.003660971,0.556350202,-0.050995803,0.083901508,-0.011579286,1.0,0.98740669,1.032728162,-0.344506478,-0.065698292,0.145330426,1
0.014026759,-0.009751708,0.024534144,0.001526041,0.335624387,0.119211181,0.162802727,0.027886174,1.0,0.551552643,0.916493701,0.226245992,0.082264646,0.037821246,1
-0.031812117,0.187581407,0.009912817,0.0,0.479311095,0.524635056,0.245448457,0.511862635,1.0,0.3584378,1.180974376,0.584984463,0.42415850939999933,-0.150031093,1
0.017218933,0.45946162,0.026642639,0.020523854,0.499065598,1.540391216,0.985042441,0.372413937,1.0,0.80254684,1.058673575,-0.116462646,-0.04498701,-0.379319008,1
-0.013178315,0.0027991,0.076358297,0.0,0.808022627,0.247339587,-0.226022146,0.000217075,1.0,0.169904019,0.908733685,0.154565148,0.083028892,0.003685832,1
0.256108844,0.432782747,0.193542336,0.14772847,0.569190504,1.083193018,0.456103571,0.008736984,1.0,0.279915669,0.893888376,-0.012944442,0.074927725,-0.398337241,1
0.198593502,1.167739699,0.215813901,0.032558864,0.472469298,4.690250898,-0.006977356,0.296868737,1.0,0.038681732,1.26169722,0.162126649,0.236186217,-0.901927213,1
-0.036355049,-0.037896974,-0.003804145,-0.016530637,0.685786463,-0.129224137,-0.081494617,0.008494074,1.0,0.276252778,1.045282751,0.064158408,0.036649633,0.046281997,1
0.017885205,0.126244107,0.069520317,0.001870837,0.351263733,0.598542564,-1.372244028,-0.042720607,1.0,0.330707619,0.630928106,0.068259591,0.008524945,-0.161191349,1
-0.047050012,0.062995934,0.019261951,-0.000233887,0.750535347,-0.315970222,0.03583125,0.104650187,1.0,-0.055161248,1.084862279,-0.321192427,0.0950315,-0.023935384,1
-0.027760449,-0.191827823,-0.075951341,-0.003431067,0.186181697,-0.241343535,0.728130147,-0.135293122,1.0,0.720217506,1.381538006,0.371699053,-0.003986049,0.063474735,1
0.067848098,0.088667331,0.019735245,0.034122565,0.809325136,0.196274237,0.007058329,-0.044679013,1.0,0.205480644,1.007715839,-0.070448216,0.130000175,-0.121934892,1
1.91e-05,-0.091437937,-0.036575894,-0.004886645,0.885394488,0.047772316,0.215086679,-0.175951512,1.0,1.153088568,0.794225949,-0.009584632,-0.117676841,0.012286596,1
0.000307024,-0.00212724,-0.016052984,-0.000526327,0.797644397,-0.020683824,0.206980133,0.002811291,1.0,0.306841816,0.698949916,0.285467128,0.102519741,-0.008355446,1
0.07590749,0.644344035,0.022367229,0.085734962,0.31325665,1.28400971,0.854887516,0.052561112,1.0,0.185877906,0.894843204,0.064736479,0.073401813,-0.589605746,1
0.022639516,0.160797891,0.063332191,0.0,0.717537549,0.687917199,0.707090713,0.002910546,1.0,0.252919245,0.54032859,0.209169156,0.178744182,-0.11699706,1
-0.062259037,0.48761722,0.19007694,0.0,0.416817114,0.220617793,-0.027902117,0.028333165,1.0,0.015792365,2.54277848,-0.284682649,0.059778717,-0.469922723,1
-0.050479304,0.010555809,0.044047697,-0.002361067,0.247890663,0.487910751,-0.056153986,0.011242416,1.0,0.252348733,1.58206678,0.035938916,0.067178021,0.005396724,1
0.182466365,0.357120714,0.242668485,0.053940108,0.876803507,6.567314073399985,-0.776862719,0.362007876,1.0,0.15827027,0.552662843,-0.230410522,-0.124631327,-0.647343295,1
0.066717876,0.265658006,0.096062465,0.0,0.689793933,0.282414226,1.078167659,0.141367565,1.0,0.276821366,1.0709507,0.187376524,0.232614012,-0.114399768,1
0.015695426,0.034273686,-0.004164093,0.048825131,0.822245496,-0.147869205,0.418930745,-0.039850784,1.0,0.932562307,1.134903587,0.033556766,0.046585672,-0.074175761,1
-0.049534447,0.015528821,0.00319711,-0.014760684,0.9661832814999999,-0.029617943,-0.115035001,-0.029626458,1.0,0.606805724,0.993962132,0.102075877,0.081869312,-0.037638706,1
-0.017323053,-0.109086181,0.039338875,0.019320731,0.902676623,0.017609124,-0.051904637,0.015625461,1.0,0.198869212,1.020500839,0.15729761,0.210396235,0.12692934,1
-0.027976021,-0.12046817,-0.022552098,-0.000570939,0.641715013,-0.326403941,-0.497104636,-0.026205123,1.0,0.630190797,0.874397171,-0.072024904,0.021932928,0.094490437,1
-0.003126608,0.193411996,0.050862703,0.00576258,0.675768946,0.122128702,-1.215006314,-0.022107719,1.0,0.263005481,1.127611497,0.120404375,0.15166725,-0.166095059,1
0.027742112,0.257593298,0.082636974,0.000898076,0.299633525,0.428025448,-0.179019048,0.140506958,1.0,0.117890338,1.422869665,-0.451262747,0.147605959,-0.101300105,1
-0.04458075,0.587014682,0.080704731,0.0,0.456335653,1.203470766,0.003753891,-0.671739469,1.0,0.046355139,0.774681992,-0.111879618,-0.056761507,-0.848417618,1
0.016739846,-0.000843492,0.014010053,-0.004708533,0.46609162,0.220510712,-0.090605711,-0.004147991,1.0,0.56275596,1.060774165,0.76347523,0.054744556,-0.000537293,1
0.0194146,0.075861995,0.021720475,0.0,0.134737238,0.172862789,0.187625121,0.042355511,1.0,0.962302958,1.108109831,0.377443442,0.109540313,-0.035034408,1
